{"packages/cupertino_icons/assets/CupertinoIcons.ttf":["packages/cupertino_icons/assets/CupertinoIcons.ttf"],"assets/font/CustomIcons.ttf":["assets/font/CustomIcons.ttf"],"assets/images/bg_top_home.png":["assets/images/bg_top_home.png"],"assets/images/bg_top_login.png":["assets/images/bg_top_login.png"],"lang/en.json":["lang/en.json"],"lang/hi.json":["lang/hi.json"],"assets/images/ic_cam.png":["assets/images/ic_cam.png"],"assets/images/ic_logo_sign.png":["assets/images/ic_logo_sign.png"],"assets/images/img_logo.png":["assets/images/img_logo.png"],"assets/images/img_logo_login.png":["assets/images/img_logo_login.png"],"assets/images/img_pass.png":["assets/images/img_pass.png"],"assets/images/img_splash.png":["assets/images/img_splash.png"]}